ID_solicitante,nombre,apellidos,sexo,edad,telefono,n_identificacion_solicitante
1,Alejandro,García,H,52,6976541648,3312
2,Sofía,Martínez,M,48,7049747125,3497
3,Juan,López,H,37,6137611197,3049
4,María,Sánchez,M,35,9545548304,3500
5,Carlos,González,H,28,6429636620,4533
6,Laura,Rodríguez,M,50,9186729500,3580
7,Daniel,Fernández,H,49,7005600417,5513
8,Paula,Pérez,M,53,6260758136,9679
9,Pedro,Martín,H,29,9652951199,2127
10,Ana,Gómez,M,67,7628402865,7995
11,Miguel,Ruiz,H,59,8097580974,5234
12,Lucía,Hernández,M,37,7497362320,7938
13,Fernando,Díaz,H,52,6206590397,5632
14,Elena,Moreno,M,46,9457276299,5345
15,Pablo,Álvarez,H,48,7468177815,7720
16,Carmen,Romero,M,37,9985009098,3593
17,Javier,Muñoz,H,55,7786448655,3470
18,Clara,Ortega,M,51,6173901609,2771
19,Adrián,Jiménez,H,47,9214382949,9147
20,Luisa,Navarro,M,40,7176108882,4098
21,Diego,Serrano,H,33,7521106323,2842
22,Isabel,Ramírez,M,65,8763008597,2231
23,Jorge,Torres,H,53,6216932600,6256
24,Raquel,Delgado,M,29,6747360324,3783
25,José,Castro,H,54,7907684201,2142
26,Marta,Vázquez,M,61,6887754966,6018
27,Antonio,Soto,H,26,9341238915,3068
28,Silvia,Domínguez,M,67,6196478353,2756
29,Manuel,Ramos,H,54,7973156199,9259
30,Lorena,Gil,M,62,7049695537,7425
31,Rubén,Reyes,H,47,7880961847,3806
32,Natalia,Morales,M,42,9909718584,1288
33,Joaquín,Ortiz,H,49,8001455658,8064
34,Beatriz,Rubio,M,45,7519397713,9988
35,Alberto,Marín,H,55,7385527121,2229
36,Teresa,Sanz,M,36,6033133257,7178
37,Álvaro,Iglesias,H,55,7262567812,9407
38,Rocío,Núñez,M,31,9287217625,8491
39,Guillermo,Medina,H,51,6868039260,9809
40,Patricia,Garrido,M,48,8016061981,3911
41,David,Cortés,H,50,9004369532,4956
42,Esther,Castillo,M,30,7078348736,5526
43,Andrés,Cruz,H,28,7620063131,1746
44,Marina,Lozano,M,38,8244425580,6391
45,Víctor,Guerrero,H,63,6161480782,1800
46,Sara,Cantero,M,65,6451584035,2925
47,Roberto,Prieto,H,55,8450100275,6257
48,Eva,Molina,M,42,8426325194,6779
49,Francisco,Montero,H,67,8447839301,1289
50,Irene,Herrera,M,69,8465888794,9599
51,Ramón,Vidal,H,62,6782674740,5981
52,Angela,Bravo,M,53,6581090115,6667
53,Gabriel,Arias,H,53,9408110726,2132
54,Victoria,Carmona,M,64,8753007599,2444
55,Rafael,Vega,H,64,6658206410,3070
56,Paulina,Flores,M,49,8922122140,8292
57,Emilio,Pascual,H,46,6259901491,5984
58,Julia,Cabrera,M,32,6930766522,3471
59,Óscar,Soler,H,65,9989587553,1820
60,Gloria,Mendoza,M,63,8337973932,9651
61,Mateo,Pastor,H,67,8134179396,4055
62,Lidia,Ibáñez,M,64,8522548098,9354
63,Sebastián,Carrasco,H,54,8350511892,3766
64,Miriam,Lorenzo,M,27,6482678507,5793
65,Gonzalo,Fuentes,H,44,9095186599,7662
66,Alba,Vicente,M,64,9456617816,8289
67,Tomás,Campos,H,59,8755240827,2301
68,Claudia,Valero,M,33,8448568991,6047
69,Ignacio,Arribas,H,54,9005683869,9011
70,Alicia,Palos,M,55,9034345633,6202
